t,mm
0.309,1849
0.309,1845
0.412,1842
0.412,1845
0.513,1845
0.513,1841
0.617,1850
0.617,1842
0.723,1844
0.723,1845
0.824,1846
0.824,1846
0.824,1848
0.925,1848
0.926,1841
1.029,1847
1.029,1843
1.134,1847
1.134,1840
1.239,1849
1.240,1846
1.340,1843
1.340,1841
1.340,1847
1.441,1849
1.441,1849
1.543,1845
1.543,1844
1.648,1841
1.648,1846
1.751,1849
1.751,1849
1.854,1844
1.854,1845
1.955,1849
1.955,1842
1.955,1841
2.056,1842
2.056,1845
2.159,1847
2.159,1843
2.262,1848
2.262,1849
2.363,1841
2.468,1842
2.468,1841
2.468,1842
2.569,1843
2.569,1842
2.569,1845
2.670,1848
2.670,1845
2.773,1850
2.773,1846
2.878,1846
2.982,1846
2.983,1843
2.983,1846
3.086,1846
3.086,1845
3.086,1845
3.188,1842
3.188,1842
3.290,1848
3.290,1844
3.394,1842
3.394,1847
3.499,1846
3.499,1844
3.604,1843
3.604,1839
3.706,1848
3.706,1842
3.706,1847
3.807,1842
3.808,1845
3.910,1844
3.910,1845
4.012,1846
4.012,1845
4.113,1846
4.113,1844
4.218,1843
4.218,1849
4.320,1844
4.320,1843
4.320,1842
4.422,1843
4.422,1843
4.524,1844
4.524,1840
4.626,1842
4.626,1844
4.730,1851
4.730,1843
4.833,1842
4.833,1846
4.833,1843
4.935,1847
4.935,1838
5.037,1851
5.037,1846
5.138,1847
5.138,1844
5.242,1843
5.242,1847
5.347,1840
5.347,1845
5.449,1843
5.449,1847
5.549,1843
5.549,1847
5.549,1847
5.652,1838
5.652,1841
5.755,1847
5.755,1844
5.856,1845
5.857,1840
5.959,1847
5.959,1848
6.059,1841
6.059,1835
6.059,1843
6.161,1847
6.161,1843
6.266,1844
6.371,1839
6.371,1839
6.371,1848
6.475,1839
6.475,1836
6.580,1839
6.580,1840
6.580,1846
6.682,1846
6.682,1849
6.783,1847
6.783,1842
6.888,1844
6.888,1846
6.992,1843
6.992,1851
7.095,1840
7.095,1849
7.196,1845
7.196,1849
7.196,1840
7.296,1843
7.296,1849
7.399,1844
7.399,1843
7.503,1844
7.503,1839
7.608,1850
7.609,1846
7.711,1850
7.812,1846
7.812,1850
7.812,1846
7.812,1847
7.912,1839
7.912,1844
8.014,1849
8.014,1845
8.120,1846
8.120,1848
8.220,1849
8.220,1839
8.322,1843
8.322,1842
8.423,1844
8.423,1843
8.423,1847
8.524,1846
8.524,1841
8.627,1848
8.627,1846
8.732,1845
8.732,1845
8.836,1843
8.836,1845
8.940,1845
8.940,1839
8.940,1846
9.042,1842
9.042,1841
9.142,1845
9.142,1853
9.247,1842
9.247,1849
9.349,1844
9.349,1846
9.454,1847
9.555,1847
9.555,1853
9.555,1838
9.555,1851
9.655,1848
9.655,1843
9.758,1841
9.860,1844
9.860,1847
9.860,1850
9.964,1848
9.964,1850
10.065,1841
10.066,1843
10.166,1841
10.166,1840
10.166,1843
10.268,1844
10.268,1839
10.370,1847
10.370,1842
10.471,1845
10.471,1844
10.576,1848
10.576,1848
10.680,1853
10.780,1847
10.780,1841
10.780,1838
10.780,1850
10.881,1841
10.881,1845
10.982,1851
10.982,1846
11.083,1843
11.083,1840
11.188,1846
11.188,1845
11.293,1847
11.293,1846
11.394,1849
11.394,1846
11.394,1843
11.494,1852
11.494,1843
11.596,1843
11.597,1842
11.701,1848
11.701,1846
11.804,1845
11.805,1843
11.910,1839
11.910,1849
12.013,1841
12.013,1849
12.117,1840
12.117,1839
12.219,1851
12.219,1845
12.219,1845
12.324,1846
12.325,1849
12.428,1839
12.428,1839
12.529,1839
12.529,1842
12.529,1839
12.629,1845
12.629,1841
12.732,1846
12.732,1839
12.832,1842
12.833,1838
12.938,1850
12.938,1841
13.043,1843
13.043,1846
13.144,1844
13.144,1846
13.144,1849
13.245,1846
13.245,1843
13.346,1837
13.347,1842
13.449,1843
13.553,1854
13.553,1845
13.553,1845
13.654,1841
13.755,1844
13.755,1840
13.755,1838
13.755,1839
13.855,1850
13.855,1852
13.956,1840
13.956,1843
14.061,1846
14.061,1848
14.166,1848
14.166,1848
14.271,1842
14.272,1847
14.375,1840
14.375,1845
14.375,1843
14.477,1842
14.477,1845
14.580,1837
14.580,1846
14.682,1839
14.682,1848
14.783,1842
14.783,1845
14.886,1843
14.886,1848
14.886,1843
14.988,1850
14.988,1845
15.090,1842
15.090,1840
15.195,1849
15.195,1844
15.297,1841
15.297,1842
15.401,1837
15.501,1849
15.501,1841
15.501,1845
15.501,1840
15.602,1847
15.602,1844
15.704,1846
15.704,1836
15.807,1834
15.807,1845
15.908,1842
15.908,1839
16.013,1847
16.013,1840
16.114,1844
16.114,1846
16.214,1851
16.214,1845
16.214,1843
16.317,1847
16.317,1850
16.422,1848
16.422,1841
16.527,1839
16.527,1840
16.630,1846
16.630,1846
16.735,1845
16.735,1845
16.735,1844
16.836,1844
16.836,1846
16.938,1845
16.938,1845
17.043,1843
17.043,1843
17.146,1844
17.147,1847
17.247,1844
17.247,1847
17.247,1844
17.348,1845
17.348,1847
17.450,1843
17.450,1845
17.550,1847
17.551,1839
17.654,1843
17.654,1844
17.758,1843
17.758,1842
17.859,1845
17.859,1850
17.859,1853
17.961,1846
17.961,1850
18.063,1839
18.063,1853
18.163,1840
18.163,1844
18.268,1841
18.268,1839
18.371,1843
18.371,1842
18.476,1840
18.476,1851
18.580,1848
18.581,1840
18.685,1846
18.685,1849
18.788,1845
18.788,1840
18.788,1841
18.893,1841
18.893,1846
18.993,1839
18.993,1847
18.993,1844
19.095,1835
19.095,1842
19.196,1849
19.196,1844
19.301,1842
19.301,1851
19.406,1844
19.508,1842
19.508,1844
19.608,1849
19.608,1845
19.608,1847
19.608,1843
19.709,1838
19.709,1838
19.811,1849
19.812,1842
19.913,1851
19.913,1845
20.018,1847
20.018,1840
20.121,1852
20.121,1846
20.222,1849
20.222,1850
20.222,1842
20.322,1842
20.322,1841
20.423,1838
20.423,1842
20.526,1845
20.526,1844
20.630,1844
20.630,1844
20.735,1840
20.735,1847
20.838,1839
20.838,1843
20.939,1839
20.939,1837
20.939,1845
21.041,1847
21.041,1840
21.146,1840
21.146,1843
21.250,1841
21.250,1842
21.353,1849
21.353,1840
21.353,1846
21.455,1842
21.455,1841
21.557,1840
21.557,1851
21.657,1846
21.657,1846
21.762,1846
21.763,1847
21.867,1835
21.867,1846
21.968,1846
21.968,1845
21.968,1842
22.068,1841
22.068,1845
22.170,1849
22.170,1839
22.271,1843
22.271,1844
22.374,1841
22.374,1840
22.478,1845
22.478,1845
22.579,1844
22.579,1844
22.579,1843
22.679,1847
22.782,1838
22.782,1841
22.886,1838
22.886,1846
22.886,1843
22.991,1844
22.991,1847
23.095,1838
23.096,1844
23.197,1843
23.198,1842
23.299,1841
23.299,1843
23.299,1840
23.404,1838
23.504,1844
23.504,1843
23.504,1842
23.609,1843
23.609,1843
23.713,1849
23.713,1842
23.713,1846
23.815,1841
23.815,1845
23.915,1842
23.916,1847
24.018,1843
24.019,1840
24.121,1849
24.225,1846
24.225,1847
24.225,1840
24.326,1842
24.326,1841
24.326,1843
24.428,1841
24.428,1844
24.530,1839
24.530,1852
24.635,1844
24.635,1844
24.740,1847
24.740,1843
24.844,1844
24.844,1852
24.946,1845
24.946,1847
24.946,1841
25.046,1846
25.046,1841
25.150,1843
25.150,1844
25.255,1841
25.255,1844
25.361,1846
25.361,1847
25.461,1845
25.461,1844
25.461,1846
25.562,1844
25.562,1849
25.664,1842
25.664,1843
25.769,1845
25.769,1836
25.871,1842
25.871,1846
25.976,1844
25.976,1844
26.077,1845
26.077,1838
26.077,1843
26.178,1851
26.178,1845
26.279,1844
26.279,1843
26.384,1845
26.384,1843
26.489,1841
26.490,1846
26.592,1840
26.592,1848
26.694,1843
26.694,1841
26.694,1841
26.796,1845
26.796,1842
26.898,1839
26.898,1840
27.004,1850
27.004,1848
27.109,1846
27.109,1841
27.210,1845
27.210,1846
27.210,1844
27.313,1842
27.313,1841
27.415,1845
27.415,1839
27.519,1845
27.519,1847
27.623,1846
27.624,1842
27.728,1845
27.728,1850
27.728,1842
27.830,1845
27.830,1844
27.932,1842
27.932,1844
28.037,1845
28.037,1845
28.143,1846
28.143,1840
28.246,1846
28.348,1842
28.348,1843
28.348,1848
28.348,1842
28.452,1848
28.452,1848
28.554,1849
28.554,1843
28.659,1844
28.660,1847
28.762,1843
28.762,1851
28.862,1843
28.863,1840
28.863,1839
28.963,1843
28.963,1842
29.066,1843
29.066,1843
29.167,1847
29.167,1845
29.268,1847
29.268,1848
29.371,1845
29.371,1844
29.475,1841
29.475,1849
29.475,1841
29.576,1841
29.576,1842
29.678,1843
29.678,1845
29.780,1848
29.780,1850
29.881,1846
29.881,1840
29.982,1847
29.982,1841
30.086,1848
30.086,1842
30.187,1846
30.187,1843
30.187,1842
30.289,1847
30.289,1843
30.393,1842
30.393,1840
30.498,1851
30.498,1844
30.604,1837
30.604,1845
30.705,1837
30.705,1845
30.705,1844
30.808,1846
30.808,1842
30.911,1843
30.912,1846
31.016,1848
31.016,1845
31.121,1843
31.121,1850
31.222,1842
31.222,1840
31.222,1805
31.324,
31.324,
31.429,449
31.429,417
31.534,393
31.534,376
31.638,367
31.638,357
31.740,351
31.740,347
31.841,349
31.841,340
31.841,333
31.945,334
31.945,329
32.049,330
32.049,333
32.154,332
32.154,340
32.259,340
32.259,340
32.361,347
32.361,353
32.361,357
32.462,358
32.462,359
32.566,366
32.566,364
32.671,368
32.671,369
32.776,370
32.776,369
32.877,370
32.877,371
32.877,368
32.977,366
32.977,366
33.080,367
33.080,364
33.182,370
33.182,368
33.287,367
33.287,371
33.388,367
33.388,364
33.490,371
33.490,368
33.490,366
33.591,368
33.591,374
33.696,371
33.696,367
33.797,370
33.797,368
33.900,368
33.900,365
34.003,370
34.104,372
34.104,373
34.104,374
34.104,370
34.207,368
34.207,369
34.310,365
34.310,371
34.413,368
34.413,369
34.517,366
34.517,369
34.621,369
34.722,369
34.722,362
34.723,363
34.723,362
34.826,365
34.827,362
34.932,360
34.932,362
35.037,368
35.037,359
35.140,361
35.140,360
35.241,361
35.241,360
35.241,357
35.344,362
35.344,361
35.449,363
35.449,367
35.551,360
35.552,366
35.654,366
35.654,362
35.758,365
35.758,360
35.758,360
35.863,356
35.965,367
35.965,361
35.965,363
36.065,362
36.066,361
36.171,359
36.171,360
36.276,368
36.276,361
36.378,364
36.378,366
36.378,367
36.479,360
36.480,364
36.582,362
36.582,362
36.687,366
36.687,362
36.790,364
36.790,361
36.790,359
36.892,366
36.892,360
36.994,358
36.994,361
37.099,361
37.099,355
37.204,360
37.204,358
37.309,361
37.309,363
37.411,358
37.411,356
37.411,354
37.513,361
37.513,360
37.617,362
37.617,359
37.721,359
37.721,365
37.826,360
37.826,356
37.927,364
37.927,361
37.927,357
38.027,366
38.027,361
38.130,359
38.130,360
38.235,366
38.235,363
38.340,362
38.340,361
38.445,362
38.445,363
38.445,361
38.546,360
38.546,360
38.651,361
38.651,367
38.754,361
38.754,359
38.859,354
38.859,359
38.962,360
38.962,357
39.063,359
39.063,364
39.063,361
39.166,362
39.166,358
39.267,364
39.267,362
39.373,358
39.373,363
39.478,359
39.478,364
39.579,361
39.579,361
39.579,361
39.680,357
39.680,356
39.782,359
39.782,354
39.882,357
39.882,355
39.987,356
40.092,355
40.092,353
40.092,353
40.197,356
40.197,356
40.302,354
40.302,356
40.402,357
40.402,355
40.507,353
40.507,357
40.507,359
40.610,361
40.610,361
40.713,362
40.713,358
40.713,359
40.815,363
40.920,361
40.920,363
40.920,361
41.026,359
41.026,361
41.130,358
41.130,362
41.231,367
41.231,364
41.336,366
41.336,365
41.437,360
41.438,366
41.438,363
41.543,359
41.543,364
41.648,363
41.648,364
41.749,363
41.749,361
41.749,366
41.849,360
41.850,363
41.952,365
41.952,362
42.054,372
42.054,364
42.159,369
42.159,367
42.263,369
42.263,366
42.365,366
42.365,366
42.365,365
42.466,368
42.466,367
42.569,368
42.570,365
42.672,369
42.672,368
42.777,370
42.777,367
42.881,365
42.881,368
42.982,372
42.982,368
43.082,364
43.082,365
43.082,367
43.184,363
43.184,370
43.289,365
43.289,366
43.393,361
43.393,365
43.494,362
43.494,359
43.494,359
43.594,358
43.594,359
43.696,360
43.696,361
43.801,360
43.801,358
43.904,361
43.904,361
44.005,362
44.006,364
44.106,366
44.106,367
44.106,362
44.207,367
44.207,365
44.309,369
44.309,362
44.411,363
44.411,371
44.516,367
44.516,370
44.621,364
44.621,369
44.722,364
44.723,371
44.723,366
44.823,364
44.824,365
44.928,367
45.032,361
45.032,366
45.032,364
45.137,367
45.137,368
45.239,358
45.239,362
45.239,359
45.341,363
45.341,364
45.443,360
45.443,359
45.546,359
45.546,363
45.649,364
45.649,363
45.754,364
45.754,365
45.855,363
45.855,364
45.855,362
45.956,366
45.956,365
46.058,365
46.058,366
46.163,362
46.163,362
46.268,363
46.268,366
46.372,362
46.373,366
46.373,360
46.475,368
46.475,363
46.577,362
46.577,366
46.682,369
46.682,367
46.786,368
46.786,363
46.889,364
46.890,363
46.990,370
46.990,366
46.990,367
47.094,365
47.094,367
47.197,370
47.198,370
47.302,369
47.302,370
47.406,370
47.406,371
47.507,370
47.507,373
47.507,374
47.609,372
47.609,368
47.713,373
47.713,375
47.816,378
47.816,377
47.921,373
47.921,372
48.026,367
48.026,368
48.126,373
48.126,374
48.126,369
48.230,367
48.230,368
48.334,367
48.334,367
48.437,364
48.438,369
48.543,364
48.543,367
48.643,367
48.644,361
48.644,362
48.746,360
48.746,363
48.848,357
48.848,357
48.953,362
48.953,356
49.058,358
49.059,359
49.162,358
49.162,357
49.162,363
49.263,355
49.263,356
49.366,357
49.366,360
49.471,357
49.471,359
49.573,363
49.573,357
49.674,358
49.674,357
49.775,358
49.775,362
49.775,356
49.877,356
49.877,357
49.979,358
49.979,362
50.082,359
50.082,359
50.187,359
50.187,357
50.292,355
50.292,356
50.393,361
50.393,363
50.393,359
50.497,361
50.497,360
50.598,359
50.598,360
50.699,363
50.699,365
50.804,364
50.907,368
50.907,368
51.009,371
51.009,371
51.009,375
51.009,379
51.113,379
51.113,374
51.215,376
51.215,381
51.320,378
51.320,376
51.420,377
51.420,378
51.420,381
51.522,384
51.522,376
51.622,374
51.622,378
51.727,373
51.727,376
51.830,373
51.935,378
51.935,376
51.935,377
52.037,371
52.037,370
52.138,376
52.138,379
52.138,371
52.242,371
52.242,372
52.346,368
52.346,369
52.446,369
52.446,365
52.549,364
52.653,367
52.654,362
52.654,365
52.754,360
52.754,359
52.754,355
52.858,356
52.858,353
52.963,348
52.963,347
53.068,351
53.068,348
53.169,343
53.169,346
53.169,342
53.269,343
53.269,340
53.371,341
53.371,344
53.473,346
53.473,347
53.579,349
53.579,354
53.684,356
53.684,360
53.787,362
53.787,369
53.888,374
53.888,372
53.989,374
53.989,380
53.989,386
54.094,397
54.197,403
54.197,420
54.197,430
54.300,436
54.403,455
54.403,469
54.403,483
54.403,527
54.504,609
54.504,
54.605,1731
54.605,1772
54.706,1768
54.706,1771
54.811,1781
54.811,1786
54.914,1783
54.914,1782
54.914,1784
55.018,1788
55.121,1778
55.121,1780
55.121,1788
55.225,1787
55.225,1799
55.330,1816
55.330,1820
55.433,1825
55.433,1835
55.534,1842
55.534,1843
55.534,1841
55.635,1846
55.635,1843
55.737,1840
55.737,1845
55.843,1846
55.843,1848
55.947,1845
55.947,1840
56.048,1846
56.048,1842
56.048,1845
56.149,1838
56.150,1847
56.252,1847
56.252,1845
56.357,1839
56.461,1847
56.462,1847
56.462,1839
56.565,1846
56.565,1839
56.667,1846
56.667,1839
56.667,1846
56.768,1845
56.768,1847
56.871,1845
56.871,1832
56.976,1836
56.978,1824
57.082,1820
57.082,1818
57.182,1803
57.182,1800
57.182,1771
57.284,1724
57.285,1669
57.387,1603
57.387,
57.487,
57.487,
57.591,
57.696,
57.696,
57.696,
57.797,
57.797,
57.797,
57.899,
57.899,
58.001,
58.001,
58.104,
58.104,
58.206,
58.206,
58.311,579
58.311,586
58.412,
58.412,594
58.412,589
58.515,585
58.515,
58.619,
58.619,572
58.721,571
58.721,562
58.826,563
58.929,563
58.929,558
58.929,
58.929,561
59.029,560
59.030,548
59.132,553
59.132,545
59.236,554
59.236,547
59.341,546
59.446,547
59.446,544
59.446,549
59.548,535
59.548,539
59.548,538
59.648,531
59.649,539
59.751,532
59.751,544
59.856,546
59.856,553
59.959,552
59.959,547
60.062,
60.063,560
60.063,
60.163,567
60.163,567
60.267,577
60.267,581
60.371,
60.371,
60.474,584
60.579,
60.579,579
60.579,569
60.680,577
60.680,570
60.680,571
60.782,
60.782,569
60.882,562
60.882,565
60.985,
60.985,550
61.089,550
61.089,
61.195,550
61.195,549
61.297,543
61.297,542
61.402,538
61.402,535
61.402,540
61.505,533
61.506,533
61.609,530
61.710,528
61.710,526
61.810,525
61.810,522
61.810,520
61.810,519
61.913,520
62.018,519
62.018,524
62.018,523
62.121,521
62.121,516
62.224,516
62.224,514
62.325,517
62.325,514
62.426,513
62.426,512
62.426,512
62.529,511
62.529,505
62.632,507
62.632,506
62.734,508
62.734,496
62.835,500
62.835,497
62.940,504
62.940,503
63.042,498
63.042,498
63.042,499
63.146,503
63.146,499
63.248,500
63.249,495
63.354,498
63.354,492
63.454,489
63.454,487
63.557,486
63.557,486
63.557,489
63.658,485
63.658,487
63.762,486
63.762,486
63.863,491
63.968,491
63.968,497
63.968,494
64.071,501
64.071,500
64.171,508
64.171,522
64.171,531
64.274,538
64.274,549
64.378,560
64.479,569
64.480,575
64.480,597
64.582,616
64.582,
64.686,605
64.686,
64.787,
64.788,550
64.788,
64.891,507
64.891,499
64.995,493
64.995,495
65.098,494
65.098,495
65.202,501
65.202,504
65.303,511
65.304,510
65.304,516
65.406,522
65.406,524
65.507,528
65.507,526
65.612,527
65.612,528
65.715,525
65.715,526
65.821,523
65.821,524
65.922,529
65.922,521
65.922,532
66.022,532
66.022,536
66.128,542
66.128,541
66.232,544
66.232,541
66.333,539
66.333,539
66.437,542
66.438,541
66.438,544
66.539,546
66.539,542
66.643,541
66.643,548
66.746,542
66.746,545
66.851,539
66.851,547
66.956,548
66.956,541
67.057,542
67.057,538
67.057,538
67.161,536
67.161,537
67.266,535
67.266,542
67.371,542
67.371,537
67.471,536
67.471,530
67.471,534
67.572,531
67.572,533
67.674,538
67.674,533
67.779,533
67.779,533
67.884,535
67.884,536
67.987,536
67.987,535
68.089,534
68.089,536
68.089,531
68.190,532
68.190,533
68.294,534
68.294,529
68.396,534
68.396,529
68.499,526
68.499,531
68.603,527
68.604,533
68.604,528
68.704,523
68.704,527
68.806,525
68.806,529
68.909,527
68.909,526
69.010,525
69.010,524
69.113,523
69.113,525
69.216,524
69.217,521
69.217,519
69.319,524
69.319,521
69.421,522
69.421,527
69.526,521
69.526,522
69.629,519
69.732,522
69.732,526
69.732,521
69.833,529
69.833,527
69.833,532
69.933,532
69.933,541
70.036,545
70.036,538
70.141,543
70.141,544
70.246,545
70.246,550
70.350,554
70.351,558
70.351,566
70.453,567
70.453,579
70.554,586
70.554,587
70.655,589
70.655,586
70.760,584
70.760,579
70.866,578
70.866,571
70.966,567
70.966,577
70.966,576
71.069,576
71.069,579
71.171,576
71.171,571
71.276,567
71.276,564
71.377,559
71.377,558
71.479,555
71.480,551
71.580,553
71.581,538
71.581,
71.681,
71.681,
71.784,43
71.784,13
71.889,12
71.889,30
71.992,19
71.992,25
72.092,14
72.093,4
72.193,3
72.193,3
72.193,0
72.294,0
72.294,0
72.396,0
72.396,0
72.499,0
72.499,0
72.601,1
72.601,2
72.702,15
72.702,
72.702,
72.802,553
72.803,557
72.904,549
72.905,556
73.007,567
73.007,570
73.112,570
73.217,570
73.217,
73.217,0
73.322,0
73.425,0
73.426,2
73.426,5
73.426,1
73.528,1
73.528,0
73.632,0
73.632,0
73.738,0
73.738,0
73.842,0
73.842,0
73.944,0
73.944,0
73.944,0
74.045,1
74.045,0
74.148,0
74.149,0
74.251,0
74.251,0
74.356,0
74.356,0
74.457,0
74.457,0
74.559,0
74.559,0
74.559,0
74.661,0
74.661,0
74.765,0
74.765,0
74.867,0
74.867,0
74.970,0
74.970,0
75.071,0
75.071,0
75.071,0
75.173,0
75.173,0
75.274,0
75.274,0
75.378,0
75.378,0
75.482,0
75.482,0
75.587,0
75.587,0
75.688,0
75.689,0
75.689,0
75.789,0
75.790,0
75.893,0
75.893,0
75.996,0
75.996,0
76.100,0
76.100,0
76.205,0
76.205,0
76.307,0
76.307,0
76.307,0
76.412,1
76.517,0
76.517,0
76.517,0
76.618,0
76.618,0
76.721,0
76.721,0
76.822,0
76.822,0
76.822,3
76.925,0
76.925,2
77.029,0
77.029,0
77.132,0
77.132,0
77.237,0
77.338,0
77.339,1
77.339,1
77.339,1
77.439,0
77.440,0
77.544,1
77.544,1
77.646,2
77.646,0
77.749,0
77.749,2
77.854,0
77.854,2
77.954,3
77.954,1
77.954,0
78.057,3
78.057,7
78.161,7
78.161,8
78.266,7
78.266,5
78.371,7
78.371,8
78.472,6
78.473,9
78.473,5
78.575,7
78.575,5
78.680,6
78.680,6
78.782,4
78.783,2
78.887,3
78.887,5
78.991,1
78.991,2
79.092,5
79.092,4
79.092,6
79.195,7
79.195,6
79.301,4
79.301,2
79.405,7
79.405,11
79.509,10
79.509,10
79.613,
79.613,
79.613,
79.716,512
79.716,512
79.821,509
79.822,502
79.927,504
79.927,505
80.027,501
80.027,504
80.027,499
80.129,501
80.129,498
80.232,494
80.232,491
80.337,489
80.337,487
80.442,494
80.442,492
80.546,493
80.546,489
80.647,493
80.647,491
80.647,493
80.748,496
80.748,494
80.849,498
80.849,494
80.954,497
80.954,495
81.059,496
81.059,497
81.159,488
81.160,494
81.160,492
81.262,495
81.262,495
81.364,495
81.364,496
81.469,504
81.469,500
81.574,499
81.574,500
81.679,502
81.780,503
81.780,505
81.780,503
81.780,511
81.885,514
81.990,522
81.990,526
81.990,525
82.095,530
82.095,534
82.200,524
82.200,515
82.302,510
82.302,510
82.302,504
82.406,505
82.509,508
82.509,505
82.510,512
82.613,514
82.613,512
82.715,508
82.715,512
82.815,512
82.815,516
82.815,510
82.916,517
82.916,509
83.021,507
83.021,509
83.124,504
83.124,494
83.227,498
83.228,496
83.329,499
83.329,490
83.430,484
83.430,486
83.430,485
83.532,484
83.532,490
83.636,490
83.636,485
83.741,489
83.741,477
83.846,480
83.846,477
83.948,481
83.949,482
83.949,474
84.051,477
84.051,476
84.154,478
84.154,479
84.256,480
84.256,483
84.360,483
84.360,481
84.465,479
84.465,479
84.566,476
84.566,478
84.566,481
84.668,481
84.668,478
84.772,484
84.873,475
84.874,475
84.874,478
84.978,476
84.978,480
85.082,474
85.083,470
85.083,471
85.185,471
85.185,469
85.289,472
85.290,465
85.395,467
85.395,467
85.496,466
85.496,468
85.599,465
85.599,463
85.700,462
85.700,463
85.700,462
85.805,462
85.910,466
85.910,462
85.910,459
86.016,462
86.016,459
86.116,460
86.116,456
86.116,459
86.216,456
86.217,455
86.322,455
86.427,458
86.427,451
86.427,452
86.532,457
86.532,451
86.635,452
86.636,455
86.636,454
86.737,452
86.737,452
86.839,454
86.839,452
86.942,450
86.942,448
87.047,452
87.047,451
87.148,446
87.149,445
87.249,445
87.249,447
87.249,442
87.351,439
87.351,446
87.453,446
87.454,441
87.554,445
87.554,449
87.659,455
87.659,456
87.765,458
87.765,464
87.866,467
87.866,469
87.866,474
87.969,474
87.969,481
88.072,478
88.073,478
88.178,480
88.178,481
88.283,486
88.283,494
88.383,492
88.383,494
88.383,503
88.486,509
88.486,519
88.587,529
88.587,545
88.692,560
88.692,579
88.797,600
88.797,622
88.898,631
88.898,662
88.999,689
88.999,
88.999,
89.101,1585
89.102,1714
89.205,1789
89.309,1833
89.309,1846
89.309,1843
89.414,1841
89.414,1846
89.516,1848
89.516,1845
89.516,1849
89.618,1848
89.618,1844
89.720,1842
89.721,1845
89.822,1846
89.822,1847
89.927,1845
89.928,1843
90.029,1841
90.029,1846
90.130,1840
90.130,1843
90.130,1851
90.230,1849
90.231,1843
90.332,1846
90.333,1843
90.433,1844
90.433,1844
90.537,1845
90.537,1847
90.637,1849
90.637,1840
90.740,1843
90.740,1841
90.841,1846
90.842,1843
90.842,1846
90.943,1840
90.943,1846
91.046,1845
91.046,1850
91.148,1847
91.149,1846
91.249,1850
91.354,1854
91.355,1847
91.456,1843
91.457,1844
91.457,1842
91.457,1843
91.558,1843
91.559,1838
91.663,1849
91.663,1845
91.765,1842
91.765,1846
91.867,1843
91.867,1849
91.968,1844
91.969,1853
91.969,1844
92.070,1844
92.071,1842
92.176,1848
92.279,1847
92.279,1840
92.279,1839
92.384,1848
92.385,1847
92.487,1840
92.487,1843
92.589,1837
92.589,1841
92.589,1846
92.690,1850
92.691,1842
92.791,1846
92.896,1842
92.896,1846
92.896,1846
92.998,1838
92.999,1845
93.102,1841
93.103,1842
93.103,1839
93.205,1844
93.205,1847
93.307,1843
93.307,1846
93.412,1846
93.412,1846
93.516,1845
93.516,1840
93.620,1847
93.621,1837
93.722,1841
93.722,1850
93.722,1842
93.825,1841
93.825,1837
93.929,1836
93.929,1837
94.032,1839
94.032,1839
94.137,1836
94.137,1837
94.238,1835
94.238,1833
94.238,1835
94.340,1837
94.340,1839
94.445,1829
94.549,1829
94.549,1822
94.549,1819
94.654,1821
94.655,1821
94.757,1820
94.757,1808
94.858,1803
94.858,1801
94.858,1793
94.962,1787
94.962,1786
95.064,1772
95.064,1775
95.169,1771
95.169,1757
95.273,1745
95.273,1738
95.374,1727
95.374,1717
95.374,1699
95.477,1696
95.477,1684
95.581,1694
95.581,1689
95.686,1686
95.686,1667
95.787,1661
95.787,1678
95.891,1650
95.891,1651
95.891,1617
95.994,1577
95.994,1578
96.098,
96.098,1650
96.203,1698
96.203,1729
96.308,1731
96.308,1706
96.412,1651
96.412,1590
96.412,
96.516,
96.620,
96.621,
96.621,
96.726,
96.726,
96.829,
96.829,
96.931,1721
96.931,1818
96.931,1845
97.033,1841
97.033,1844
97.134,1841
97.134,1850
97.239,1846
97.239,1841
97.343,1851
97.343,1849
97.444,1842
97.445,1846
97.445,1844
97.546,1849
97.546,1845
97.648,1844
97.648,1845
97.753,1845
97.753,1842
97.854,1844
97.854,1840
97.959,1841
97.959,1849
98.060,1841
98.060,1846
98.060,1845
98.160,1844
98.160,1844
98.262,1840
98.262,1845
98.367,1849
98.367,1848
98.468,1838
98.468,1851
98.570,1846
98.571,1842
98.671,1842
98.671,1849
98.671,1848
98.772,1841
98.773,1842
98.878,1847
98.982,1850
98.982,1843
98.982,1845
99.083,1843
99.083,1848
99.188,1846
99.188,1844
99.290,1844
99.290,1847
99.290,1847
99.391,1849
99.391,1844
99.495,1835
99.495,1843
99.595,1846
99.595,1847
99.697,1841
99.697,1845
99.801,1843
99.801,1845
99.902,1843
99.902,1848
99.902,1844
100.003,1852
100.003,1846
100.104,1845
100.104,1845
100.205,1843
100.205,1840
100.310,1843
100.414,1844
100.414,1842
100.414,1839
100.518,1849
100.518,1843
100.620,1842
100.620,1841
100.620,1842
100.724,1840
100.724,1846
100.827,1844
100.827,1850
100.932,1843
100.932,1849
101.032,1841
101.033,1843
101.033,1846
101.133,1842
101.133,1840
101.235,1846
101.235,1842
101.339,1847
101.339,1845
101.444,1850
101.444,1844
101.546,1841
101.546,1846
101.647,1844
101.647,1841
101.647,1843
101.747,1839
101.747,1844
101.849,1842
101.849,1856
101.954,1845
101.954,1843
102.059,1849
102.059,1843
102.163,1843
102.163,1848
102.264,1849
102.264,1846
102.264,1845
102.366,1842
102.366,1848
102.470,1852
102.470,1842
102.572,1847
102.572,1842
102.677,1846
102.677,1841
102.778,1845
102.778,1839
102.778,1846
102.878,1842
102.979,1843
102.979,1845
102.979,1839
103.083,1846
103.084,1842
103.187,1847
103.187,1849
103.290,1844
103.290,1845
103.390,1842
103.390,1841
103.390,1847
103.492,1841
103.493,1844
103.595,1849
103.595,1841
103.698,1848
103.698,1843
103.801,1846
103.801,1843
103.904,1845
103.904,1847
104.009,1845
104.009,1848
104.110,1849
104.110,1842
104.110,1845
104.211,1842
104.211,1848
104.312,1847
104.312,1835
104.418,1846
104.418,1842
104.520,1843
104.520,1842
104.622,1842
104.622,1844
104.722,1847
104.722,1845
104.722,1848
104.825,1847
104.825,1850
104.929,1842
104.929,1845
105.034,1839
105.034,1846
105.137,1849
105.138,1838
105.138,1840
105.239,1848
105.239,1842
105.342,1838
105.342,1846
105.446,1844
105.446,1843
105.551,1850
105.551,1842
105.656,1842
105.656,1840
105.759,1839
105.759,1845
105.861,1838
105.861,1835
105.861,1845
105.965,1848
105.965,1847
106.070,1835
106.071,1845
106.176,1843
106.176,1846
106.277,1840
106.277,1841
106.277,1845
106.379,1849
106.379,1845
106.482,1850
106.482,1846
106.584,1841
106.584,1837
106.687,1849
106.687,1848
106.792,1842
106.792,1839
106.895,1844
106.895,1844
106.895,1839
106.996,1845
106.996,1839
107.096,1854
107.096,1847
107.200,1849
107.305,1845
107.305,1846
107.305,1849
107.405,1846
107.405,1839
107.405,1846
107.507,1840
107.507,1839
107.609,1845
107.609,1839
107.713,1844
107.713,1846
107.815,1844
107.815,1847
107.920,1840
107.920,1843
108.021,1845
108.021,1847
108.021,1842
108.123,1848
108.124,1843
108.226,1844
108.226,1842
108.331,1843
108.331,1845
108.437,1843
108.437,1847
108.539,1845
108.539,1843
108.639,1837
108.639,1841
108.639,1845
108.743,1846
108.743,1839
108.847,1843
108.847,1846
108.950,1846
108.950,1847
109.054,1845
109.054,1841
109.155,1845
109.155,1849
109.155,1846
109.258,1842
109.258,1842
109.361,1839
109.361,1846
109.463,1845
109.463,1849
109.565,1845
109.565,1846
109.670,1847
109.670,1840
109.772,1843
109.772,1846
109.772,1849
109.875,1847
109.876,1848
109.979,1842
109.979,1850
110.082,1850
110.082,1847
110.184,1841
110.184,1840
110.286,1845
110.286,1844
110.286,1846
110.388,1842
110.388,1849
110.493,1849
110.493,1839
110.598,1844
110.598,1838
110.698,1841
110.698,1836
110.803,1842
110.804,1847
110.905,1842
110.905,1845
110.905,1844
111.008,1847
111.008,1836
111.113,1826
111.218,1813
111.218,1788
111.218,1772
111.318,1734
111.319,1720
111.420,1661
111.420,
111.420,
111.521,
111.521,
111.623,499
111.624,438
111.725,392
111.725,356
111.830,325
111.830,290
111.934,272
111.934,270
112.034,254
112.034,245
112.034,235
112.137,236
112.241,226
112.241,213
112.241,203
112.346,195
112.346,202
112.451,222
112.451,243
112.554,241
112.554,242
112.656,256
112.656,344
112.656,
112.759,1848
112.759,1841
112.863,1843
112.863,1840
112.967,1846
113.070,1845
113.070,1847
113.070,1841
113.171,1843
113.171,1843
113.171,1841
113.273,1850
113.273,1841
113.378,1842
113.378,1843
113.483,1844
113.483,1848
113.586,1844
113.586,1844
113.586,1844
113.688,1846
113.688,1844
113.794,1843
113.896,1844
113.896,1843
113.896,1848
113.998,1849
113.999,1835
114.104,1846
114.104,1842
114.205,1841
114.205,1840
114.205,1841
114.306,1846
114.306,1840
114.410,1843
114.410,1842
114.514,1846
114.514,1844
114.617,1841
114.617,1847
114.720,1844
114.720,1843
114.721,1850
114.822,1839
114.822,1846
114.923,1844
114.924,1852
115.028,1846
115.028,1842
115.132,1844
115.132,1846
115.237,1839
115.237,1850
115.338,1845
115.338,1842
115.338,1842
115.439,1844
115.439,1841
115.542,1846
115.542,1844
115.646,1848
115.646,1845
115.748,1844
115.748,1846
115.853,1850
115.853,1852
115.955,1844
115.955,1845
115.955,1847
116.057,1841
116.057,1845
116.162,1848
116.162,1843
116.267,1845
116.267,1839
116.371,1842
116.371,1841
116.472,1842
116.473,1844
116.473,1826
116.576,1780
116.576,
116.680,
116.680,
116.785,653
116.887,604
116.887,554
116.887,531
116.988,539
116.988,541
116.988,537
117.091,542
117.091,569
117.193,597
117.193,622
117.298,649
117.298,673
117.401,752
117.506,
117.506,1792
117.506,1839
117.607,1845
117.607,1843
117.607,1849
117.708,1845
117.708,1847
117.811,1842
117.812,1845
117.912,1845
117.912,1852
118.017,1841
118.120,1843
118.120,1842
118.120,1846
118.222,1838
118.222,1848
118.222,1844
118.325,1845
118.326,1843
118.430,1844
118.430,1847
118.535,1842
118.535,1844
118.641,1847
118.641,1848
118.742,1834
118.742,1842
118.742,1847
118.846,1848
118.846,1839
118.951,1842
119.056,1848
119.056,1842
119.161,1845
119.161,1846
119.161,1842
119.262,1842
119.263,1842
119.263,1843
119.366,1844
119.366,1845
119.470,1847
119.470,1850
119.576,1846
119.576,1845
119.676,1845
119.676,1846
119.676,1846
119.781,1842
119.885,1849
119.885,1836
119.990,1842
119.990,1845
119.990,1848
120.091,1842
120.091,1850
120.196,1850
120.196,1841
120.298,1854
120.298,1848
120.298,1851
120.399,1842
120.399,1853
120.504,1846
120.504,1846
120.608,1854
120.608,1846
120.709,1844
120.709,1844
120.809,1840
120.809,1850
120.809,1844
120.911,1844
120.911,1844
121.012,1842
121.013,1842
121.115,1842
121.115,1848
121.220,1851
121.220,1845
121.325,1839
121.325,1849
121.426,1847
121.426,1846
121.426,1843
121.530,1849
121.635,1837
121.635,1847
121.737,1843
121.737,1838
121.737,1844
121.840,1843
121.840,1842
121.943,1848
121.943,1841
121.943,1841
122.045,1841
122.045,1844
122.148,1843
122.148,1847
122.252,1844
122.253,1847
122.356,1839
122.356,1845
122.461,1846
122.461,1835
122.562,1845
122.562,1842
122.562,1842
122.663,1848
122.663,1844
122.767,1835
122.767,1842
122.869,1842
122.869,1843
122.970,1841
122.970,1851
123.076,1848
123.076,1848
123.177,1844
123.177,1843
123.177,1836
123.278,1844
123.278,1843
123.379,1842
123.379,1845
123.481,1843
123.587,1839
123.587,1841
123.587,1837
123.690,1848
123.690,1846
123.690,1845
123.793,1844
123.793,1847
123.895,1842
123.895,1844
123.998,1845
123.999,1845
124.103,1843
124.103,1847
124.208,1846
124.208,1847
124.309,1843
124.309,1843
124.309,1845
124.410,1840
124.410,1842
124.515,1835
124.618,1840
124.618,1849
124.618,1842
124.723,1840
124.723,1843
124.824,1847
124.824,1843
124.824,1846
124.929,1845
125.032,1846
125.032,1844
125.032,1839
125.137,1845
125.137,1844
125.242,1844
125.242,1843
125.346,1846
125.346,1841
125.448,1842
125.448,1840
125.448,1841
125.553,1837
125.553,1851
125.656,1850
125.657,1847
125.760,1837
125.760,1850
125.865,1842
125.866,1842
125.966,1839
125.967,1844
125.967,1845
126.070,1842
126.070,1849
126.175,1842
126.175,1846
126.280,1840
126.280,1838
126.384,1847
126.384,1850
126.485,1840
126.485,1843
126.485,1845
126.588,1845
126.589,1849
126.690,1840
126.690,1845
126.795,1847
126.795,1842
126.898,1845
126.898,1841
126.898,1843
127.000,1845
127.102,1842
127.102,1849
127.102,1845
127.206,1844
127.206,1838
127.312,1843
127.312,1841
127.412,1850
127.517,1842
127.517,1848
127.517,1844
127.619,1842
127.619,1847
127.619,1846
127.722,1837
127.722,1850
127.827,1847
127.828,1843
127.931,1843
127.931,1846
128.032,1847
128.032,1844
128.032,1841
128.134,1850
128.235,1842
128.235,1848
128.235,1842
128.339,1846
128.339,1849
128.442,1842
128.442,1849
128.546,1842
128.546,1843
128.646,1843
128.646,1844
128.646,1840
128.747,1850
128.747,1844
128.848,1843
128.848,1840
128.952,1849
128.953,1842
129.054,1843
129.054,1846
129.159,1844
129.159,1843
129.259,1849
129.259,1844
129.259,1847
129.360,1841
129.360,1846
129.462,1841
129.462,1844
129.567,1839
129.567,1851
129.672,1845
129.672,1843
129.776,1841
129.776,1846
129.879,1847
129.879,1842
129.984,1840
129.984,1843
130.084,1840
130.085,1839
130.085,1842
130.190,1841
130.190,1845
130.295,1842
130.295,1846
130.396,1845
130.396,1846
130.396,1845
130.496,1842
130.496,1840
130.598,1848
130.598,1842
130.703,1840
130.704,1847
130.809,1846
130.809,1847
130.910,1845
130.910,1844
131.011,1840
131.011,1845
131.011,1850
131.112,1844
131.112,1847
131.212,1847
131.212,1843
131.312,1850
131.312,1844
131.418,1841
131.418,1847
131.518,1849
131.518,1843
131.618,1840
131.618,1848
131.618,1842
131.720,1841
131.720,1846
131.823,1848
131.823,1836
131.927,1840
131.928,1846
132.029,1844
132.029,1840
132.134,1841
132.134,1846
132.240,1846
132.240,1841
132.340,1840
132.340,1851
132.340,1842
132.442,1847
132.442,1841
132.546,1838
132.546,1847
132.648,1844
132.648,1843
132.752,1844
132.752,1850
132.752,1847
132.854,1846
132.854,1844
132.957,1847
132.957,1852
133.061,1850
133.062,1836
133.167,1844
133.167,1842
133.272,1844
133.272,1847
133.372,1848
133.372,1839
133.372,1846
133.474,1842
133.474,1842
133.577,1847
133.578,1846
133.682,1846
133.682,1844
133.787,1850
133.787,1846
133.887,1843
133.887,1844
133.887,1843
133.988,1845
134.090,1846
134.090,1838
134.090,1839
134.194,1844
134.195,1842
134.295,1841
134.295,1844
134.400,1848
134.400,1845
134.500,1842
134.500,1842
134.500,1842
134.601,1848
134.601,1852
134.704,1845
134.804,1840
134.804,1840
134.804,1840
134.909,1849
135.012,1845
135.012,1845
135.012,1843
135.112,1843
135.112,1844
135.112,1844
135.214,1842
135.317,1844
135.317,1843
135.317,1837
135.422,1851
135.523,1846
135.523,1836
135.523,1836
135.628,1843
135.628,1839
135.729,1844
135.729,1844
135.729,1842
135.834,1844
135.937,1840
135.937,1848
135.937,1840
136.041,1838
136.041,1845
136.146,1844
136.246,1848
136.246,1842
136.246,1851
136.246,1843
136.348,1848
136.348,1841
136.450,1847
136.451,1838
136.555,1847
136.555,1842
136.660,1845
136.661,1838
136.765,1842
136.765,1847
136.866,1844
136.866,1852
136.866,1841
136.967,1838
136.967,1850
137.071,1845
137.071,1843
137.171,1843
137.171,1840
137.272,1847
137.272,1845
137.373,1853
137.373,1844
137.474,1851
137.474,1843
137.474,1845
137.574,1847
137.574,1848
137.676,1850
137.676,1848
137.779,1838
137.779,1843
137.882,1843
137.882,1844
137.983,1848
137.983,1846
138.085,1839
138.085,1842
138.187,1846
138.187,1842
138.187,1847
138.290,1850
138.290,1848
138.393,1842
138.393,1844
138.496,1840
138.496,1839
138.601,1846
138.601,1839
138.706,1846
138.707,1844
138.810,1843
138.810,1840
138.913,1844
138.913,1839
138.913,1843
139.017,1844
139.018,1839
139.120,1843
139.120,1844
139.221,1843
139.221,1841
139.221,1842
139.321,1844
139.321,1849
139.423,1840
139.423,1843
139.528,1841
139.528,1846
139.632,1845
139.632,1846
